Models,Perplexity,BLEU,ROUGE,TOPSIS Score,Rank
GPT-2,24.5,0.65,0.58,0.36616964484361236,4.0
GPT-3,20.1,0.72,0.61,0.6338303551563876,1.0
T5,22.3,0.67,0.6,0.5337785739528186,3.0
BART,21.9,0.69,0.59,0.5607221595101592,2.0
